company,id
CyberCoders,1
Johnson & Johnson,2
Microsoft,3
Cleerly,4
The Shade Store,5
PatientPop Inc.,6
Mindtree,7
Minuteman Group LLC,8
Rapid7,9
MuleSoft,10
NetSPI,11
io173,12
Insight Global,13
Modis,14
Fortinet,15
Tekeinstein Software Solutions,16
Confidencial,17
Teradata,18
Remind,19
"Self Financial, Inc.",20
T-Mobile,21
Apple,22
Lawrence Harvey,23
Stealth,24
LPX Group,25
Cornelis Networks,26
"IDR, Inc.",27
Blue Apron,28
"Zenaide Technologies, Inc.",29
Outreach,30
Incedo Inc.,31
Sketchy,32
Infosys,33
Elan Partners,34
Systems & Software,35
Kelly | IT Resources,36
Smarsh,37
Reify Health,38
Retina AI,39
Whistic,40
Experis,41
FIA Tech,42
ICE,43
First Point Group,44
Nuts.com,45
Wells Fargo,46
"eZone Staffing, LLC",47
VMware,48
STAFF CX,49
Infoblox,50
ITHAKA,51
Thistle,52
ComTec Information Systems (IT),53
SynergisticIT,54
AMB Sports + Entertainment,55
Toggle Industries,56
VARITE INC,57
Cargill,58
Blueboard Inc.,59
Starbucks,60
SiteZeus,61
Nike,62
January AI,63
Deloitte,64
Air Force Research Laboratory,65
Palo Alto Networks,66
uGuru Data Sciences,67
CRB Workforce,68
Netpace Inc,69
3M,70
CitiusTech,71
Amazon,72
Noblis,73
RIOS Corporation,74
Knock,75
Capital One,76
Upstart,77
Neural Magic,78
Verneek,79
Zillow,80
Affine,81
Groq,82
Stash,83
Netradyne,84
Roche,85
inSync Staffing,86
Ciitizen,87
Dice,88
Tula Technology Inc.,89
VulcanForms Inc.,90
Jefferson Frank,91
Big Cloud,92
eTeam,93
Eliassen Group,94
"Liberty Personnel Services, Inc.",95
Allstate,96
Electronic Arts (EA),97
Toyota Research Institute,98
Conduent,99
JLL Technologies,100
ClassPass,101
"HII Technical Solutions, a division of Huntington Ingalls Industries",102
VanGogh Imaging,103
Jobot,104
AVA Consulting,105
Peraton Labs,106
LGZ New Media,107
Quantitative Systems,108
L.Knighton,109
"GAINSystems, Inc.",110
Tesla,111
Aurora,112
Cigna,113
IBM,114
Collabora,115
TikTok,116
WarnerMedia,117
Verusen,118
"Stanley Black & Decker, Inc.",119
Selby Jennings,120
PathAI,121
"AMAZON.COM.CA, INC.",122
Hamdan Resources,123
Magid,124
Dezign Concepts LLC,125
Three Five Two,126
Sense Corp,127
Forum Brands,128
Pony.ai,129
Mozilla,130
Bardess Group Ltd,131
Urbint,132
ICAST (International Center for Appropriate & Sustainable Technology),133
DataVisor,134
LER TechForce,135
"FocusKPI, Inc.",136
LAAgencia,137
"OM1, Inc.",138
Optello,139
GSquared Group,140
Cisco Meraki,141
Sorcero,142
NJF Global Holdings Ltd,143
Pearson,144
UK Startup Jobs,145
Symphony AyasdiAI,146
General Dynamics Mission Systems,147
Diverse Lynx,148
Chick-fil-A Corporate Support Center,149
Salesforce,150
Qualcomm,151
Bodhala,152
AMD,153
OpenAI,154
Amtrak,155
Motion Recruitment,156
Georgia Tech Research Institute,157
Strategic Systems Inc,158
"AINS, Inc.",159
Teledyne Controls,160
Peter Boulware Toyota,161
Enhance IT,162
Jones Lang LaSalle,163
"Omega Solutions, Inc.",164
Amida Technology Solutions,165
McKesson,166
Career Berry,167
Dell Technologies,168
SLAC National Accelerator Laboratory,169
Sisu,170
Zest AI,171
Beyond Limits,172
Caterpillar Inc.,173
1872 Consulting,174
"NBCUniversal Media, LLC",175
"Walter Bacon, Inc.",176
RMS,177
Seametrics,178
Naval Nuclear Laboratory (FMP),179
PriceSenz,180
Qerala,181
Yield Engineering Systems,182
KPMG US,183
Flashii,184
Lightwave Recruiting,185
The Judge Group,186
LeadingReach,187
"Asta CRS, Inc.",188
Titan Talent Acquisition Inc.,189
"The Verity Group, L.L.C.",190
Resume-Library,191
"PC-Doctor, Inc.",192
Advanced Hires,193
Vorne Industries,194
Anchor Staffing,195
Alivia Analytics,196
Northwest Partners,197
Fameccanica North America,198
National Computing Group,199
RiVi Consulting Group L.L.C,200
CS GROUP USA,201
ICE Mortgage Technology,202
JobGet,203
"Goodwill Industries - Big Bend, Inc.",204
X4 Life Sciences,205
Infotech Sourcing,206
"MAINSAIL Group, Inc",207
Qlarion,208
Vbrick,209
"NuStep, LLC",210
"KE2 Therm Solutions, Inc.",211
American Trucking Associations,212
Material in Motion,213
AVX Corporation,214
"Peaksware Holdings, LLC",215
HireResources,216
Avenu Insights & Analytics,217
GiANT Partners,218
Universal.one,219
CEU Institute,220
"Arena Investors, LP",221
Trella Health,222
StaffChase,223
Travelers,224
Career Movement,225
Baker Hughes,226
Falcon Smart IT (FalconSmartIT),227
SilkRoad Technology,228
Galileo Financial Technologies,229
SoFi,230
Collabupp Corporation,231
Realtime Recruitment,232
McAfee,233
Tech Firefly,234
Paragon Hire,235
Peraton,236
Amazon Web Services (AWS),237
Magic Leap,238
Alogent,239
BlackRock,240
Synopsys Inc,241
Matlen Silver,242
Employa,243
Squarespace,244
Cypress HCM,245
Autodesk,246
Aegis Software Corporation,247
"Farmer's Business Network, Inc.",248
Visa,249
Dataworks,250
TransformativeMed,251
Peritus Inc,252
Confidential,253
Aptiv,254
Virgin Pulse,255
Audible Magic,256
Agora,257
Arth Consulting - An Executive Search Firm,258
Posh Peanut®️,259
Valassis,260
Shortest Track,261
Clarity AI,262
"ePATHUSA, Inc.",263
Stilt Inc.,264
"Finicity, a Mastercard Company",265
Titan Advanced Energy Solutions (we are hiring!),266
HCL Technologies,267
Sumo Logic,268
Quantiphi,269
Goldman Sachs,270
Standav Corp,271
Logikk,272
Wipro Limited,273
JRD Systems,274
Bose Corporation,275
Tech Observer,276
X4 Technology,277
Nuuly,278
Harvard University,279
Harvard Medical School,280
Apex Systems,281
SG Analytics,282
Open Systems Inc.,283
Lucd,284
Hulu,285
iRobot,286
Lockheed Martin,287
Humana,288
MachineMetrics,289
Carta Healthcare Inc.,290
K2 Partnering Solutions,291
Experian,292
Artifact,293
DoorDash,294
Dow Jones,295
Cogstate,296
LinkedIn,297
Jerry,298
Tata Consultancy Services,299
NetNumber,300
"TradeSun®, Inc.",301
Trunk,302
HP,303
Brex,304
Delta Air Lines,305
Truth Initiative,306
HirexHire,307
Titan Medical Inc.,308
FreeWill,309
"Disney Parks, Experiences and Products",310
Helix,311
ISO,312
DealerPolicy,313
LevelUP,314
ConverseNow.AI,315
StoneAge Waterblast Tools,316
iHealth Labs,317
Splunk,318
Optum,319
Genesys,320
"Sonos, Inc.",321
Multimedia Solutions,322
Google,323
Bevy,324
InfoPeople Corporation,325
SPROCKIT,326
Unite Us,327
David's Bridal,328
TekMasters,329
Meredith Corporation,330
General Motors,331
UnitedMasters,332
ClearedJobs.Net,333
ettain group,334
Cloudera,335
Weld North Education,336
RGBSI,337
Gallin Associates,338
Revel IT,339
Enfuce,340
maven,341
TriOptus,342
Uber,343
Happy Returns,344
ALTEN,345
EaglePicher Technologies,346
Hamilton Porter,347
"True North Consulting, LLC(Kansas City)",348
SS&C Advent,349
Abbott,350
Kulicke & Soffa,351
Sophos,352
Michael Page,353
"Metron, Inc.",354
Gables Search Group,355
BlueForce Inc.,356
NCR Corporation,357
Mastercard,358
Riot Games,359
Forescout Technologies Inc.,360
Benjamin Douglas,361
Parsons Corporation,362
Optima Global Solutions Inc.,363
Hays,364
HBO,365
Ripcord,366
Danaher Corporation,367
Aviation Systems Engineering Company,368
MEDHOST,369
H&W Solutions,370
IQVIA,371
Launch Consulting Group,372
Argo AI,373
Benefits Science Technologies,374
Sharp Decisions,375
ServiceNow,376
Hunt A Killer,377
Aptonet Inc,378
ALIS Software LLC,379
StreetID,380
Envision Healthcare,381
"Doctor Evidence, LLC",382
Global Payments Inc.,383
In Time Tec,384
Cvent,385
"keycentrix, LLC",386
The BayTech Group,387
"Techaxis, Inc",388
Blue River Technology,389
CCC (Compressor Controls Corporation),390
LumApps,391
LAUNCH Technical Workforce Solutions,392
AIR Worldwide,393
Apptad Inc.,394
Adobe,395
SHR Consulting Group,396
N2M Technology,397
CAE,398
Chisel Analytics,399
Suzy,400
CVS Health,401
Energize Group,402
Jellyfish,403
Illumina,404
Kaiser Permanente,405
Fractal,406
Mission Critical Partners,407
Cape Fear Collective,408
AimHire,409
Primary Services,410
IVY TECH SOLUTIONS INC,411
ManpowerGroup,412
Software Group Inc,413
Signifyd,414
Deliverr Inc.,415
Walmart,416
GEICO,417
Arundo Analytics,418
Nordstrom,419
Mindstrong,420
GeoPhy,421
"LanceSoft, Inc.",422
MX,423
Booz Allen Hamilton,424
GLG,425
Teledyne Technologies Incorporated,426
Mackin Talent,427
Hewlett Packard Enterprise,428
DISYS,429
Facebook,430
Acquco,431
Cloudious LLC,432
Bradford & Galt,433
Medical Device Innovation Consortium (MDIC),434
Lorven Technologies Inc,435
"Integrity Management Services, Inc.",436
"Tectonic, an insight2action technology services company",437
Turquoise Health,438
Engage3,439
TriNetX,440
Guardant Health,441
"Yoh, A Day & Zimmermann Company",442
Vimly Benefit Solutions,443
"Farfield Systems, Inc",444
FM:Systems,445
NewsBreak,446
Doma (fka States Title),447
closerlook (A Member of Fishawack Health),448
"WarCollar Industries, LLC",449
Glassdoor,450
TUP Solutions,451
"SmartNews, Inc.",452
AmberBox Gunshot Detection,453
Tessellation,454
Professional Diversity Network,455
Collabera Inc.,456
Vibes,457
Huxley,458
Kloud9,459
Sapphire Software Solutions Inc,460
Recursion,461
Slalom,462
ProArch Consulting Services Private Limited,463
Change Healthcare,464
PROS,465
Root Inc.,466
CirrusMD Inc.,467
Peel Insights,468
"Valkyrie Entertainment, LLC",469
Bennie,470
LimeLoop,471
The Home Depot,472
"Strive Consulting, LLC",473
Buchanan Staffing Group,474
KAYAK,475
Adaequare Inc,476
Clear Capital,477
hims & hers,478
walrus.ai,479
Jettison,480
Mythical Games,481
LaunchCode,482
DocMatter,483
"Cerebral Staffing, LLC",484
Unified Analytics AS,485
NagraStar,486
"Genalyte, Inc.",487
SAI Systems,488
Turnitin,489
MetLife Legal Plans,490
NinjaHoldings,491
Soaren Management,492
Alaffia Health,493
BetterHelp.com,494
Zoom,495
Advanced Nutrients Ltd.,496
Austin Fraser,497
Abzooba,498
Unsupervised,499
Toyota North America,500
my own company,501
Spotify,502
System One,503
The Hartford,504
Bank of America,505
Ford Motor Company,506
BlackBerry,507
Nexient,508
"Ephesoft, Inc.",509
Atlassian,510
Braid Health,511
test.ai,512
Nova Measuring Instruments,513
Novetta,514
R1 RCM,515
Ambrosia Infotech Ltd.,516
Tekberry,517
Lyve Tech LLC,518
Vatica Health,519
Walrus Health,520
CollegeVine,521
Qualitest,522
Pierce Professional Resources,523
Other,524
JCS Solutions LLC,525
Brivo,526
GENETWORx,527
John Snow Labs,528
Flylance,529
F5,530
Springshot,531
Boston Scientific,532
Stellar Health,533
Foursquare,534
TeachFX,535
Bubble,536
EarlyBird,537
Mayo Clinic,538
Kraken Digital Asset Exchange,539
"Glossier, Inc.",540
Applied Intuition,541
Apkudo,542
Meetup,543
insightsoftware,544
Check,545
Figma,546
Asana,547
PlayVS,548
eHire,549
AION ROBOTICS,550
Expedia Group,551
APCON,552
"TechFlow, Inc.",553
Cockroach Labs,554
LockerDome,555
"OpenArc, LLC.",556
Lightelligence,557
Applied Statistics & Management Inc.,558
Expo Experts,559
Snapsheet Inc,560
ThreatConnect,561
Peoples Mortgage Company,562
Lionbridge,563
Applied Systems,564
Aeroseal,565
Open Systems International,566
C4 Technical Services,567
Aristocrat,568
SchoolPass,569
ClearanceJobs,570
TIP Technologies,571
Fidelity TalentSource,572
pureIntegration,573
Actalent,574
AffiniPay,575
"Ring0 Technologies, Inc.",576
"BAE Systems, Inc.",577
Ritual,578
YouGov,579
PayPal,580
NVIDIA,581
Sony Pictures Entertainment,582
Choreograph,583
Amgen,584
Barclays,585
Virta Health,586
Techmatic Inc,587
Enterprise Solutions Inc.,588
Grimaldi Staffing Services,589
Apolis,590
BLACKBIRD.AI,591
Expeditors,592
Cancer IQ,593
Wonderlic,594
Instagram,595
Bayforce,596
Kinship,597
Addison Group,598
Compri Consulting,599
Derex Technologies Inc,600
Amwell,601
310 Nutrition,602
Cognizant,603
Grainger,604
Samsung Electronics America,605
Pitney Bowes,606
Dematic,607
BillGO,608
Etsy,609
Lark Health,610
"HCL America, Inc.",611
Golden,612
"Zymr, Inc.",613
SunPower Corporation,614
Fannie Mae,615
Guitar Center,616
Pariveda Solutions,617
Centria Healthcare,618
Protingent,619
OpenTable,620
Exact Sciences,621
Theax,622
Bloomberg LP,623
ZoomInfo,624
Randstad USA,625
Edward Jones,626
Midmark Corporation,627
"LeoLabs, Inc.",628
GE Aviation,629
WEX,630
Kairos Aerospace,631
Cruise,632
VIZIO,633
TripActions,634
TriSearch,635
"ShipBob, Inc.",636
Bullhorn,637
Topgolf,638
Intelsat,639
CampusLogic,640
Altarum,641
Toptal,642
Philips,643
Ancestry,644
Healthtalentpro,645
Parker and Lynch,646
Interactive Brokers,647
Human Health Project,648
Gallagher,649
BorgWarner Inc.,650
DISH Network,651
CAS,652
First American Title,653
McDonald's,654
"Aptino, Inc.",655
BrickRed Systems,656
Oracle,657
UNICON International,658
NetSuite,659
Digital Turbine,660
Shutterstock,661
VolunteerMatch,662
Western University of Health Sciences,663
BAE Systems,664
ConvaTec,665
Leidos,666
California State Polytechnic University-Pomona,667
Xandr,668
"Hy-Vee, Inc.",669
Newance,670
Root Seven,671
Point Loma Nazarene University,672
Robosoft Technologies,673
Dynata,674
Overstock.com,675
Sling TV,676
Resiliency LLC,677
ERM: Environmental Resources Management,678
State Farm ®,679
Sonatype,680
"o9 Solutions, Inc.",681
Endeavor,682
Yo Labs,683
W3Global,684
Shipt,685
GitHub,686
Calypso Technology,687
Humana Inc.,688
Square,689
OpenText,690
Millennial Software,691
Massachusetts Institute of Technology,692
American Express,693
Kelly,694
Slack,695
SmileDirectClub,696
Crestron Electronics,697
Procore Technologies,698
AFL,699
Wunderkind (Formerly BounceX),700
NYU Langone Health,701
Beam Suntory,702
Hertz,703
Vaco,704
Globant,705
QBA Worldwide,706
Akima,707
Keap,708
UPMC,709
Wood,710
ai Cloud Workforce,711
GM Financial,712
Tiger Analytics,713
LVIS Corporation,714
iHeartMedia,715
Modern Intelligence,716
Jewel ML,717
Freshworks,718
Proximate (Pty) Ltd,719
Embark Trucks,720
InfoVision Inc.,721
Workday,722
Lightmatter,723
Wyze,724
PlayStation,725
Daily Harvest,726
The Walt Disney Company,727
Brooksource,728
Calm,729
PGA of America,730
Olive,731
SchoolMint,732
PricePoint,733
Honey,734
Real Capital Analytics,735
Babylist,736
Polly,737
Honeywell,738
Acquia,739
Apex Capital Corp,740
Togo Group,741
Foxconn,742
"Deadline Solutions, Inc.",743
Zealogics LLC,744
Xos Trucks,745
"Single Digits, Inc.",746
NiSUS Technologies Corporation,747
BOTG LLC,748
FaceCenterLA,749
Broadleaf Commerce,750
Fearless,751
California Dental Association,752
Impossible Sensing,753
SOLUTE,754
Covalent Resource Group,755
Power Digital Marketing,756
HR Acuity,757
STAGE11,758
Artera Technologies,759
Cennox,760
"Tailored Access, LLC",761
Leading Path Consulting,762
Clip Automation,763
AgileMD,764
"Scadea Solutions, Inc.",765
Inhance Digital,766
"Woongjin, INC.",767
Phreesia,768
L&T Technology Services Limited,769
"Reddit, Inc.",770
EQRx,771
Specific Diagnostics,772
Alion Science and Technology,773
ActionIQ,774
Oliver Wyman,775
Penrose Hill,776
Noria Water Technologies,777
Intel Corporation,778
Iterative Scopes,779
ACloudX,780
Vectorsoft,781
Flexasoft,782
"Mercedes-Benz Research & Development North America, Inc.",783
Unilever,784
Cohere Health,785
Unify Consulting,786
Foxy AI,787
DataSeers,788
"Loan Science, LLC",789
Sumner & Scott,790
DRESSX,791
"Inabia Solutions and Consulting, Inc.",792
TalkTech,793
Clarifai,794
"DynPro, Inc.",795
Carta,796
2K,797
ALTEN Calsoft Labs,798
"ERG, Inc.",799
Noteworthy AI,800
Tapad,801
Visual Concepts,802
Micron Technology,803
The RealReal,804
Tinder,805
Assurant,806
Citi,807
Sanas,808
WeWork,809
Hiretual,810
Endure Technology Solutions,811
StockX,812
EnsoData,813
MAPSYS Inc.,814
GOAT Group,815
Human Capital,816
Bota Biosciences,817
Trimble Inc.,818
Octane,819
"Denken Solutions, Inc",820
Alert Logic,821
Grubhub,822
The AG Advisory,823
Hire Education Consulting Group,824
Global Safety Management,825
"LooperRoom, Inc.",826
Sana,827
1Point21 Interactive,828
PRANOS.ai,829
Ring,830
Covera Health,831
Federato,832
Quip,833
Patron Technology,834
DiscoverLink,835
4 Mile Analytics,836
Payscale,837
Adobe Marketo,838
Lambda Labs,839
"HarperDB, Inc.",840
Wipro,841
Urality,842
Trend,843
Feather,844
Zulily,845
IXL Learning,846
symplr,847
CoverMyMeds,848
CG Global LLC,849
OPTION POOL,850
UiPath,851
"Mylo, a Lockton Company",852
Carrot Fertility,853
Stax,854
Anyscale,855
Brilliant Solutions Inc,856
Skycart,857
Hidden Variable Studios,858
Ripple,859
Vimeo,860
Range,861
Hank,862
"Veritone, Inc.",863
MOLTEN,864
pi-lit® Technology,865
Realtor.com,866
Inflection,867
Root16,868
CoStar Group,869
HealthVerity,870
Bloom,871
New York Mets,872
Boeing,873
Venmo,874
Medtronic,875
Intuit,876
RecruitIT LLC,877
ficc.ai,878
CALA,879
Flashpoint,880
Contend,881
A2Z Web Solution LLC,882
Ordermark,883
Beep,884
[24]7.ai,885
DataLogic,886
Demyst,887
Spectrum Labs,888
Udemy,889
Wood Mackenzie,890
Chubb,891
Onboard,892
Cloudflare,893
Warner Bros. Entertainment,894
Stem IT,895
Petco,896
Chewy,897
Brillio,898
Fidelity Investments,899
The Clorox Company,900
Mitchell Martin Inc.,901
IRI,902
LeanTaaS,903
SailPoint,904
ACV Auctions,905
Nokia,906
Akamai Technologies,907
Blizzard Entertainment,908
Premera Blue Cross,909
Elevations Credit Union,910
State of Connecticut,911
Conga,912
Canonical,913
Lucid Motors,914
Alexander Technology Group,915
Sam's Club,916
Braintree,917
Alteryx,918
Safran,919
HOMER,920
Twilio,921
Leia Inc.,922
HCA Healthcare,923
Pretium,924
SPINS,925
Deckers Brands,926
Circle,927
UT Southwestern Medical Center,928
EnergyHub,929
Bluehawk Consulting,930
Well Health Inc.,931
Materialize,932
Excelity,933
CareRev,934
Specialized Bicycle Components,935
Motional,936
Allworth Financial,937
HomeAdvisor,938
Citrix,939
Northwestern Mutual,940
First Republic Bank,941
American Recruiting & Consulting Group,942
rex,943
Emburse,944
S&P Global Market Intelligence,945
S&P Global Ratings,946
S&P Global Platts,947
UST,948
"ITCO Solutions, Inc.",949
Roivant Sciences,950
Cox Communications,951
Airlines Reporting Corporation (ARC),952
Stand Together,953
"BioIntelliSense, Inc",954
SEACORP,955
Intermax Networks,956
Relatient,957
Crowe,958
Dropbox,959
Accenture,960
CapTech Consulting,961
Rockwell Automation,962
HashiCorp,963
WorldLink US,964
O'Reilly Auto Parts,965
Okta,966
Altice USA,967
DiversityInc,968
eFileCabinet,969
MAG Aerospace,970
Thales,971
Blue Shield of California,972
Commvault,973
EY,974
H-E-B,975
Buro Happold,976
Scientific Research Corporation,977
National Renewable Energy Laboratory,978
Wpromote,979
"FILD Search, LLC",980
Cadence Design Systems,981
Activeskygate LLC,982
HireRising,983
Cybereason,984
LIXIL Water Technology Americas,985
"Lucid, LLC",986
Wish,987
Roblox,988
"InVitro Cell Research, LLC",989
Schlumberger,990
Epsilon,991
ikeGPS,992
REVOLVE,993
Robinhood,994
FDA,995
Sift Media,996
Proscia,997
Interos Inc,998
Duolingo,999
"Accolade, Inc.",1000
HubSpot,1001
EAB,1002
"Geisel Software, Inc.",1003
Robometrics® Machines,1004
"HyperDraft, Inc.",1005
"Accendero Software, Inc.",1006
CoParse,1007
Amdocs,1008
Verve Motion,1009
Seurat Technologies,1010
HUED,1011
"Veo Robotics, Inc.",1012
"The Gnar Company, Inc.",1013
Motorola Home & Networks Mobility,1014
Magic,1015
Omnicell,1016
Marvell Technology,1017
"RadioMobile, Inc.",1018
DataJoint,1019
JetInsight,1020
Zywave,1021
Finder,1022
PDI Software,1023
Zscaler,1024
TaxAct,1025
The Trade Desk,1026
Horizontal Talent,1027
OpenSlate,1028
Leland,1029
KANERAI,1030
Aquatic Capital Management,1031
Fremont Capital Partners,1032
Awardco,1033
Launcher,1034
FanFood,1035
Openhaus,1036
TableTab,1037
Rockerbox,1038
Initiative,1039
Capgemini,1040
Numerade,1041
Blackapple Solutions LLC,1042
AtoB,1043
Method3,1044
Snap Inc.,1045
neteffects,1046
Creatably,1047
Knowli Data Science,1048
Teladoc Health,1049
Walgreens,1050
SpaceX,1051
Indorama Ventures: Integrated Oxides & Derivatives,1052
CNN,1053
Twitter,1054
Withings,1055
Darwin Recruitment,1056
Centraprise,1057
Conexess Group,1058
"DigiCert, Inc.",1059
Disney Streaming Services,1060
Mindlance,1061
U.S. Bank,1062
Xpansiv,1063
Target,1064
Panera Bread,1065
Kroger,1066
Zonar Systems,1067
Costco IT,1068
QOMPLX,1069
TechFetch.com - On Demand Tech Workforce hiring platform,1070
Blackstone Talent Group,1071
Interactive Resources - iR,1072
Johnson Controls,1073
TEKsystems,1074
JPMorgan Chase & Co.,1075
Halian,1076
BenevolentAI,1077
Morgan Stanley,1078
"VantageLinks, LLC",1079
Red Hat,1080
Peloton Interactive,1081
PandoLogic,1082
Talent Mania Pvt. LLC,1083
Charter Solutions,1084
Gemini,1085
Elsevier,1086
"Management Controls, Inc.",1087
Fairwinds,1088
Harvest,1089
Shell,1090
HMBradley,1091
Union Pacific Railroad,1092
Glidewell Dental,1093
Charles Schwab,1094
"Clover Network, Inc.",1095
Wayfair,1096
Phaidra,1097
Creative Radicals,1098
Eight Sleep,1099
CrowdAI,1100
Medasource,1101
B-Yond,1102
Rappi,1103
Burtch Works,1104
NowPow,1105
EPITEC,1106
KalonGens,1107
DeepIntent,1108
EA Team Inc,1109
Vivid Technology,1110
Forbes,1111
Vertex Inc.,1112
Photon,1113
Aditi Consulting,1114
Compunnel Staffing,1115
LAVANT,1116
Saicon,1117
Lakarya,1118
PamTen Inc,1119
Storm3,1120
SynapOne,1121
Harnham,1122
Airtable,1123
Nuro,1124
Isoprime,1125
NetApp,1126
Syndic8,1127
Outcomes4Me,1128
Raytheon Intelligence & Space,1129
CENIC,1130
Near,1131
Starship,1132
ECP,1133
Genista Biosciences,1134
Pareto Holdings,1135
Cuewave,1136
AlphaCash,1137
TechDigital Corporation,1138
Klover,1139
Drop Party,1140
Gaia Platform,1141
Kapow,1142
ClikDone,1143
Nova Biomedical,1144
Meter,1145
Murmur,1146
AppHarvest,1147
SGS Consulting,1148
BJSS,1149
Secureframe,1150
Magnious Solutions Inc,1151
SSi People,1152
Amify,1153
Affirm,1154
MongoDB,1155
CapEd Credit Union,1156
Fifth Season,1157
Quadrant Resource,1158
Givewith,1159
SaidThat,1160
OTR Capital,1161
JibJab,1162
Even,1163
Puzzle,1164
Rang Technologies Inc,1165
Chalice Custom Algorithms,1166
Novo Nordisk,1167
InveniAI,1168
FedEx Ground,1169
Numero Data,1170
Data Consultancy Services,1171
RealSelf,1172
iSmileTechnologies,1173
MetaBank,1174
The Climate Corporation,1175
eBay,1176
PwC,1177
CrowdPlat,1178
Meyocks,1179
Gnoci,1180
Sartre Group,1181
"Saxon Global, Inc.",1182
Ossillate,1183
Redjack,1184
Stackline,1185
Lyft,1186
Intercom,1187
Sierra Business Solution,1188
Gap Inc.,1189
"Take2 Consulting, LLC",1190
ByteDance,1191
Cisco,1192
"PreciseSource, LLC",1193
Lumin Digital,1194
Cloudix Inc.,1195
"Solution Partners, Inc.",1196
"N9 IT Solutions, Inc.",1197
Zoox,1198
VanderHouwen,1199
GoDaddy,1200
Recruiting from Scratch,1201
Patreon,1202
Urjanet,1203
Intermountain Healthcare,1204
MetaOption LLC,1205
Cohesity,1206
The Mom Project,1207
GoFundMe,1208
The Carrera Agency,1209
Eventus,1210
Clearcover,1211
Syntagma Group,1212
Bestow Life Insurance,1213
"Logic20/20, Inc.",1214
Dairy Farmers of America,1215
ACS Solutions,1216
Smart IT Frame LLC,1217
AI Healthcare Company (stealth mode),1218
AgreeYa Solutions,1219
THE YES,1220
LeapYear Technologies,1221
Quinn,1222
Pocketbook,1223
Fivestars,1224
Lessen,1225
Allpax,1226
Revalize,1227
Waymo,1228
VantageScore Solutions,1229
Paper,1230
Bridge Technical Talent,1231
Prognos Health,1232
Infinity Direct,1233
Marin Software,1234
JotForm,1235
Chi Square Analytics,1236
Viasat Inc.,1237
"Akraya, Inc.",1238
MSH,1239
Vectra AI,1240
Faithlife,1241
Metabob,1242
PowerAdvocate,1243
medclerx,1244
SemanticBits,1245
"OCTI, INC.",1246
Theery,1247
Harvey Nash,1248
Lift361,1249
Cars.com,1250
Tremor Video,1251
Preferhired,1252
MATRIX Resources,1253
OrbitJobs.Org,1254
Digits,1255
Descript,1256
Coinbase,1257
"Vianai Systems, Inc.",1258
Mach Partners,1259
Vroom,1260
"Espire Services, LLC",1261
University of Chicago,1262
Cool-Minds LLC,1263
Saks Fifth Avenue,1264
Avesta Computer Services,1265
Dell EMC,1266
Wellory,1267
Sony Interactive Entertainment,1268
The ODTech,1269
Palantir Technologies,1270
Bayer,1271
Savi,1272
DeepCast.ai,1273
Takeo,1274
Sweat Equity Ventures,1275
Berkadia,1276
Sleegal AI,1277
PowerSchool,1278
Vise,1279
REI,1280
Subspace,1281
M&T Bank,1282
"Jitsu, Inc.",1283
Snapdocs,1284
LivePerson,1285
ARES Security Corporation,1286
HERE Technologies,1287
OpenPhone,1288
Verily Life Sciences,1289
Habitat Energy,1290
Delfi Diagnostics,1291
Sigmaways Inc,1292
"The Michaels Companies, Inc.",1293
GameStop,1294
EasyPost,1295
Zip Co,1296
Chainalysis Inc.,1297
A2Zxperts,1298
HireTalent - Diversity Staffing & Recruiting Firm,1299
BOK Financial,1300
uShip,1301
The Bachrach Group,1302
Box,1303
Apollo Solutions,1304
Momentive.ai,1305
Amazech Solutions,1306
Greenlots,1307
Cambria,1308
"Eleventh Hire, Inc.",1309
OmegaHires,1310
The Remote Company,1311
New York Technology Partners,1312
ASK Consulting,1313
LeadIQ,1314
SES Corporation,1315
Sail Internet,1316
TekNett Incorporated,1317
Domino Data Lab,1318
Solve Finance,1319
Styra,1320
KIOSK Information Systems,1321
Quorum,1322
HireArt,1323
Force-X,1324
"KellyMitchell Group, Inc",1325
Modern Health,1326
Blucora,1327
Cricut,1328
Cotiviti,1329
Datadog,1330
Deutsche Bank,1331
CarMax,1332
Vivint,1333
"SkyePoint Decisions, Inc.",1334
AdvancedMD,1335
RainFocus,1336
Modular Science,1337
AIM Consulting Group,1338
AirHop Communications,1339
BigBear.ai,1340
ADP,1341
Variant,1342
Cedar,1343
Axle Informatics,1344
"Paramount Software Solutions, Inc",1345
CUSHION AID,1346
Q Bio,1347
Shield AI,1348
Open Health Network,1349
ICF,1350
Understanding Recruitment,1351
"Blinktbi, Inc",1352
The Trevor Project,1353
Corvus Insurance,1354
"Wiser Solutions, Inc.",1355
Ipsos North America,1356
"Neuravest Research, Inc.",1357
Epic Games,1358
Itemize,1359
Envision,1360
GEODIS,1361
ADM,1362
Nod.ai,1363
"Loka, Inc.",1364
GoCanvas,1365
Rev.com,1366
Expedock,1367
Anduril Industries,1368
Debtsy,1369
Stavvy,1370
Kangarootime,1371
VALITANA,1372
Larsen & Toubro,1373
Benchling,1374
Provision People,1375
Blend,1376
Actuate,1377
Mission Essential Human Capital Solutions,1378
Crowdstaffing,1379
PierianDx,1380
"Logiq, Inc. (NEO: LGIQ) (OTCQX: LGIQ)",1381
PriceSpider,1382
Hungryroot,1383
FloQast,1384
Pinwheel,1385
The Juice,1386
Turo,1387
Modern Hire,1388
"Lytx, Inc.",1389
PEAK6,1390
"MemberSuite, Inc.",1391
sweetgreen,1392
Per Scholas,1393
HIDIVE,1394
Forge,1395
CVHCare,1396
Stripe,1397
BioSpace,1398
Nuix,1399
Gravity Sketch,1400
Tapjoy,1401
Brooks Instrument,1402
Buchanan Tech,1403
MLJ Environmental,1404
Heartland Business Systems,1405
Quora,1406
Dasera,1407
Freeosk,1408
insitro,1409
Peachy,1410
The New York Times,1411
KNIME,1412
John Deere,1413
The Washington Post,1414
Neiman Marcus Group,1415
Xerox,1416
Bloomingdale's,1417
SkillSoniq,1418
Evolve,1419
Key Infotek LLC,1420
Xebia,1421
ShortList Recruitment Limited,1422
SmarTek21,1423
Skechers,1424
Cox Automotive Inc.,1425
Visionaire Partners,1426
Mokriya,1427
Serve Robotics,1428
Further Enterprise Solutions (FES),1429
Mogul,1430
"Tillster, Inc.",1431
Sciata,1432
Digitive,1433
Sophus Info Solutions,1434
BLUE ORIGIN,1435
UM,1436
Dialexa,1437
Technology Ventures,1438
"Eccalon, LLC",1439
Agile Datapro,1440
Cybernetic Search,1441
GlobalSource IT,1442
DataEdge,1443
GoHealth,1444
To be disclosed,1445
Novartis Institutes for BioMedical Research (NIBR),1446
Wishi,1447
Quest Groups LLC,1448
StepStone,1449
Iron Mountain,1450
LexisNexis Risk Solutions,1451
Veritonic,1452
StevenDouglas,1453
OneBrain Technologies LLC,1454
World Vision USA,1455
Level,1456
"EverCharge, Inc.",1457
Denali Advanced Integration,1458
Philo,1459
Zemantics Inc.,1460
TEKtalent Inc,1461
"Arrcus, Inc.",1462
Assurant Labs,1463
Heartdub,1464
Platform9 Systems,1465
Broadlume,1466
Outlast,1467
Zinncorp,1468
Workiva,1469
AndrewCorp12,1470
Inductive Automation,1471
Avaya,1472
KinoTek,1473
No-IP,1474
Yardstik,1475
Pattanayak Engineering Inc,1476
gency,1477
Podsights,1478
OnLogic,1479
Schrödinger,1480
Webflow,1481
"Adlumin, Inc.",1482
Ebusiness Technologies Corp.,1483
Ledgent Technology,1484
State of Colorado,1485
Dandy,1486
Lexia Learning,1487
CBRE,1488
SambaSafety,1489
Bigtincan,1490
Major League Baseball,1491
Seneca Resources,1492
Kronologic,1493
Signature Consultants,1494
Comcentric Inc.,1495
Linear Financial Technologies,1496
Kentik,1497
CallMiner,1498
Cribl,1499
Big A Tech Search,1500
Saragossa,1501
Storm2,1502
Spectraforce Technologies,1503
FDM Group,1504
Coil,1505
TALENDICA,1506
"Centizen, Inc.",1507
Drevol LLC,1508
Volkswagen Automotive Cloud,1509
"Revenue Management Solutions, LLC",1510
Virtusa,1511
Artemis Consultants,1512
Nuance Communications,1513
Federal Reserve Bank of Richmond,1514
Heitmeyer Consulting,1515
Resource Logistics Inc.,1516
Ekodus INC.,1517
Hi-Rez Studios,1518
Lighthouse Worldwide Solutions,1519
Relay,1520
Fairfax Software,1521
Principal Financial Group,1522
Aviture,1523
"Volkswagen of America, Inc",1524
"Allyon, Inc.",1525
"Modern Technology Solutions, Inc. (MTSI)",1526
Kforce Inc,1527
Path Robotics,1528
ExaTech Inc,1529
Tessella,1530
Sidewalk Labs,1531
MITRE,1532
Stealth Startup,1533
Majhi Group,1534
"Three Point Solutions, Inc.",1535
Sapient,1536
Mount Sinai Health System,1537
Catapult Solutions Group,1538
DeepView,1539
Sky Consulting Inc.,1540
Cash App,1541
Top Choice Recruiting,1542
FINESSE,1543
Munich Re,1544
abc,1545
Poly,1546
Wild Health,1547
Rippling,1548
BAMWX LLC,1549
Ruggable,1550
Xactware,1551
TiLT,1552
Ambry Genetics,1553
Nimble Robotics,1554
Usage AI,1555
Mutually Human,1556
ActiveLogic Labs,1557
theCut,1558
Turnberry Solutions,1559
HighPoint Global,1560
RTTS,1561
Allen Institute for Brain Science,1562
BrightLink,1563
Airswift,1564
Decentrix Inc.,1565
firstPRO 360,1566
GeekSeatUSA,1567
Kindred,1568
Def Method,1569
Dash Technologies Inc,1570
Fleetio,1571
Allagi Inc.,1572
Gravity IT Resources,1573
ICURO,1574
Noom Inc.,1575
Moderna,1576
USAA,1577
AT&T,1578
"Upgrade, Inc.",1579
Underdog.io,1580
ZIMPERIUM,1581
Spathe Systems,1582
Diligent Corporation,1583
TalentPlug LLC,1584
"Ascii Group, LLC",1585
Forsta,1586
ARRAY,1587
CodeSignal,1588
Sumeru Solutions,1589
RT²,1590
Strategic Staffing Solutions,1591
StackPath,1592
Dots Technologies Inc,1593
Remitly,1594
Glib,1595
Kavak.com,1596
Talisman Corporation,1597
Carter Wahlberg,1598
PwC South Africa,1599
Singular Recruitment,1600
Aviation Indeed™️,1601
Euretos,1602
Glimpse.ai,1603
LinkSquares,1604
StaffSource,1605
Evry Health,1606
Madison Square Garden Entertainment Corp.,1607
Screencastify,1608
Digital Foundry,1609
"Tyto Athene, LLC",1610
SWIFT,1611
SentinelOne,1612
TechSource Inc.,1613
Planet,1614
Applicantz,1615
GAOTek Inc.,1616
QSC,1617
Zoetis Inc.,1618
Telepathy Labs,1619
Condé Nast,1620
Catapult Consultants,1621
Twitch,1622
Hire Digital,1623
LogicGate,1624
Team Cymru,1625
National Radio Astronomy Observatory,1626
"KCF Technologies, Inc.",1627
"Engineering Specialists, Inc.",1628
Sonance,1629
Connect for Health Colorado,1630
Gartner,1631
Sovrn,1632
SUEZ - Water Technologies & Solutions,1633
"Peckham Industries, Inc.",1634
Kaplan,1635
"PADT, Inc.",1636
Federal Reserve Bank of Boston,1637
Federal Reserve Bank of Kansas City,1638
Pieces,1639
"iHerb, LLC",1640
Prescient Solutions,1641
"Vistage Worldwide, Inc.",1642
"Lowe's Companies, Inc.",1643
Cerner Corporation,1644
NN Tech,1645
SG - Lottery,1646
Zebra Technologies,1647
Hillphoenix,1648
FLEETCOR,1649
Walmart Connect,1650
H&R Block,1651
"Pyramid Consulting, Inc",1652
SiriusXM,1653
"VSV WINS, INC",1654
"Dynamic Research, Inc.",1655
Ad Hoc LLC,1656
"BlueOwl, LLC",1657
FastSpring,1658
Guidehouse,1659
Redfin,1660
REKRUITD,1661
Choice Hotels International,1662
Diamondpick,1663
Ampersand,1664
Alldus,1665
Turnt Gaming,1666
Resolvit,1667
SADA,1668
ORM Technologies,1669
Attentive,1670
Braintrust,1671
Allianz Global Investors,1672
Focus Capital Markets,1673
Bolt,1674
KYYBA Inc,1675
Peer Consulting Resources Inc.,1676
NASA Jet Propulsion Laboratory,1677
TickPick,1678
Olio Apps,1679
Ivalua,1680
Orchestrade Financial Systems,1681
ASCEND NeXTGEN Technologies,1682
Connected2Fiber,1683
Appian Corporation,1684
Optomi,1685
Vacasa,1686
Study.com,1687
Hunter Bond,1688
"Experienced Recruiting Partners, LLC.",1689
Alloy,1690
SIMON Markets LLC,1691
Creospan Inc.,1692
Forge Search + Consulting,1693
Quantifind,1694
Verizon,1695
General Dynamics Information Technology,1696
"A42 Labs, Inc.",1697
Aureon,1698
CoreLogic,1699
Pathways,1700
LPT2 LIMITED,1701
Clearent,1702
Noralogic Inc,1703
Supplyframe,1704
CDK Global,1705
Veear Projects Inc.,1706
Mailgun by Pathwire,1707
Nitor Infotech,1708
Coros,1709
Cardinal Health,1710
BlackLine,1711
Swarm Technologies,1712
Auth0,1713
"Anthem, Inc.",1714
Albertsons Companies,1715
Proofpoint,1716
One Rockwell,1717
MKS Instruments,1718
Hippo Insurance,1719
Virtual Service Operations,1720
PXG (PARSONS XTREME GOLF),1721
Indus Group Inc,1722
Talentpair,1723
Alignity Consulting,1724
"Sentry Data Systems, a Craneware company",1725
Sunstone Welders,1726
Aptly Technology Corporation,1727
Red Van Workshop,1728
Phyton Talent Advisors,1729
Indotronix International Corporation,1730
"Binti, Inc.",1731
Unum,1732
Ekata,1733
"Comscore, Inc.",1734
"Quantix, Inc.",1735
Broadcom Inc.,1736
Synamedia,1737
CryptoMill Cybersecurity Solutions,1738
Querentia,1739
Accedo.tv,1740
DXC Technology,1741
Talution Group,1742
"ConnectTel, Inc.",1743
Revolution Technologies,1744
Airbnb,1745
Lexical Intelligence,1746
Atos zData,1747
Koddi,1748
The Motley Fool,1749
HEALTH[at]SCALE Technologies,1750
FootBridge Consulting,1751
NLB Services,1752
Vision Elements,1753
Credit Suisse,1754
Uptake,1755
Freya Systems,1756
Avantax Wealth Management℠,1757
Particle Health,1758
Welcome,1759
Fivetran,1760
Kesar Web,1761
Startup,1762
Gravity Supply Chain Solutions,1763
Rhove,1764
Polco,1765
Healing Innovations,1766
"Florin Software Consulting, LLC",1767
Obsess,1768
Outlet.Finance,1769
Hookit | AI-Powered Sponsorship,1770
XALT Energy,1771
Baton,1772
M3 USA,1773
"Growe Technologies, Inc.",1774
ACL Digital,1775
Wello Inc.,1776
Zenput,1777
Sync Computing,1778
Wrench,1779
Metromile,1780
nvisia,1781
Whatnot,1782
Industrie Reply US,1783
Satellite Bio,1784
Puget Sound Energy,1785
Magnite,1786
Simplebet,1787
Credit Sesame,1788
OrgSpire Inc,1789
Replicated,1790
Scrumlink,1791
Current Health,1792
Wikimedia Foundation,1793
Qualio,1794
Science 37,1795
FedEx Logistics,1796
Miso Robotics,1797
Equifax,1798
"ATD Technology, LLC., a full-service Staffing & Recruiting Agency",1799
Visionet Systems Inc.,1800
Red Leader Tech,1801
"Intelliswift Software, Inc.",1802
Regions Bank,1803
Meet,1804
Courier Network,1805
Applied Resource Group,1806
Coinstar,1807
BlastRadius,1808
Stitch Fix,1809
Net2Source Inc.,1810
Raytheon Missiles & Defense,1811
Medical Science & Computing (MSC),1812
Martin Brower,1813
"Blue Rose Consulting Group, Inc.",1814
Performance Foodservice,1815
Lennox International,1816
Terminus,1817
TuneIn,1818
Baker Tilly US,1819
Sprout,1820
Burnett Specialists,1821
Mid-Peninsula Boys & Girls Club,1822
Meggitt,1823
TransPerfect,1824
Sustainagility,1825
Pottery Barn Kids,1826
Epic,1827
Kramer Portraits,1828
Resolution Life,1829
Blackbaud,1830
MindSource,1831
DENSO,1832
WP Engine,1833
Ansys Academic,1834
Insight Policy Research,1835
Vertisystem,1836
ALLDATA,1837
Brilliant Infotech Inc.,1838
"Koverse, Inc., An SAIC Company",1839
Inworld AI,1840
Barometer,1841
AWM Smart Shelf,1842
Mastech Digital,1843
United Airlines,1844
Career Techniques Inc.,1845
"Multi Media, LLC",1846
Aquicore,1847
Symphony RetailAI,1848
The Ohio State University,1849
Sora,1850
Silicon Labs,1851
GavinHeath,1852
Five9,1853
Expedition Technology Inc,1854
Federal Bureau of Investigation (FBI),1855
"Ironclad, Inc.",1856
"Synack, Inc.",1857
PrivateAuto,1858
MAQ Consulting,1859
dscout,1860
Anonymous,1861
Atom Tickets,1862
Grindr,1863
Verimatrix,1864
Bigfoot Biomedical,1865
Rice University,1866
"GRAIL, Inc.",1867
Arista Networks,1868
LoadSpring Solutions,1869
The Coca-Cola Company,1870
Verkada,1871
Fast,1872
University of Arizona,1873
PepsiCo,1874
LifeBell AI,1875
Parafin,1876
Fifth Third Bank,1877
Planning Center,1878
Weedmaps,1879
Citadel,1880
RightClick,1881
Nagarro,1882
eXp Realty,1883
ActiveVideo,1884
Smartronix,1885
Net Health,1886
Imperva,1887
Berkeley Lab,1888
Elementum,1889
Expensify,1890
Webster Bank,1891
FileCloud (CodeLathe Inc),1892
ProAg,1893
Perficient,1894
Talener,1895
ActiveCampaign,1896
"Integrated Computer Solutions, Inc. (ICS)",1897
American Business Solutions Inc.,1898
Cheetah,1899
Labcorp,1900
FlutterFlow,1901
"Hart, Inc.",1902
Epic Sports,1903
"Connected Systems Partners, Inc.",1904
Visual Lease,1905
Avero,1906
"KAYGEN, Inc.",1907
Vivid Resourcing Ltd,1908
"DEVAO, LLC",1909
SphereOI Studios,1910
Numentica LLC,1911
LabGov.City,1912
"Rubrik, Inc.",1913
BayOne Solutions,1914
Rocket Auto,1915
FactSet,1916
Olson Resources,1917
Maxar Technologies,1918
Neptune Technology Group,1919
Averity,1920
LeadStack Inc.,1921
RetailMeNot,1922
Netskope,1923
Anew Recruit,1924
National Security Agency,1925
Integral Blue,1926
Workrise,1927
Netris,1928
PetDesk,1929
Chooch AI,1930
Bluetooth SIG,1931
One Medical,1932
Paravijjyan,1933
Intelletec,1934
Prediction Machine LLC,1935
A1A Recruiting,1936
BLDG25,1937
Zigzy,1938
Pagaya,1939
Garmin,1940
OSI Engineering,1941
Addastaff Consulting Incorporated,1942
PandaDoc,1943
Cronus Human Capital (A Grant/Morgan Associates Affiliate),1944
Schneider,1945
Sidecar,1946
OMG,1947
Kayhan Space,1948
CharterUP,1949
Starface World,1950
EyePromise,1951
FMG Suite,1952
STS Federal,1953
Becker Wright Consultants,1954
Known,1955
Mars,1956
STAND 8 Technology Services,1957
Lucas Group,1958
Malbek,1959
Segment,1960
Intellyk Inc.,1961
VDart,1962
Bowery Farming,1963
The Select Group,1964
Triune Infomatics Inc,1965
Moody's Analytics,1966
Zendesk,1967
"Paysign, Inc.",1968
ColdQuanta,1969
BrainCheck,1970
Anheuser-Busch InBev,1971
Coursera,1972
ISEE AI,1973
Indyme Solutions,1974
InCloudCounsel,1975
Drizly,1976
Data Safeguard Inc.,1977
Spreetail,1978
Medalogix,1979
Metropolis,1980
Dorsal Health,1981
Nostra,1982
TGen - an Affiliate of City of Hope,1983
Sunshine,1984
Flexa,1985
Xignite,1986
Bonusly,1987
JOOR,1988
AMPERE COMPUTING EMPLOYER LLC,1989
Bellwood Labs,1990
AllianceBernstein,1991
Ultra Mobile,1992
Luxoft,1993
Leica Geosystems part of Hexagon,1994
Pitusa,1995
DeVry University,1996
Jobs via eFinancialCareers,1997
Clinical Research IO,1998
Immersa,1999
Connective Talent,2000
Cornerstone OnDemand,2001
Prosper Marketplace,2002
Allied OneSource,2003
Snowflake,2004
Komodo Health,2005
Insight,2006
Western Governors University,2007
Shakti Solutions,2008
ZT Systems,2009
Avalara,2010
Firebolt,2011
Nacelle,2012
Getac,2013
Prendio,2014
Odyssey Systems,2015
Guidewire Software,2016
Shirley Ryan AbilityLab,2017
Apptio,2018
L3Harris Technologies,2019
Zentek  Infosoft,2020
Metigy,2021
Mass General Brigham,2022
ELS,2023
GHX,2024
Clairways,2025
Jabient Inc,2026
Aunalytics,2027
Meridian Technology Group,2028
VDX.tv,2029
GALE,2030
Beacon Hill Staffing Group,2031
DataPrime,2032
Colgate-Palmolive,2033
The Boulevard Consulting Group,2034
Plaid,2035
Trust,2036
PeopleReign,2037
MoCaFi,2038
Peregrine,2039
TomoCredit,2040
Xcel Energy,2041
Enquero,2042
Sia Partners,2043
Evolytics,2044
CellarTracker,2045
tekHouse,2046
HPOne,2047
Schaeffler,2048
Advanced Career Networks,2049
ITC Infotech,2050
"Securepeoplebase, Inc",2051
Karat,2052
Elev8 Hire Solutions,2053
KTek Resourcing,2054
Daxko,2055
Trading Technologies,2056
Electric,2057
Quality Search Partners,2058
Teknobit solution,2059
North County Animal Hospital,2060
Whatfix,2061
SHERWOOD OLD TOWN DENTAL,2062
INEOS Composites,2063
Solomon Page,2064
Emspace + Lovgren,2065
"University of California, Riverside",2066
Aston Carter,2067
"Mj3 Partners, Inc.",2068
Ally,2069
The Tease,2070
BridgeView,2071
Hunter International Recruiting,2072
Hired,2073
Planet Forward,2074
Quimbee,2075
PicnicHealth,2076
Gensler,2077
Pinnacle LD,2078
NextEra Analytics,2079
Wavicle Data Solutions,2080
cohesion,2081
Ntelicor,2082
ProFocus,2083
HOVER Inc.,2084
LanguageLine Solutions,2085
Ridecell,2086
dunnhumby,2087
Jefferies,2088
Matterport,2089
Restek Corporation,2090
XOJET Aviation,2091
Board International,2092
The Qt Company,2093
"Par Pacific Holdings, Inc.",2094
Weidmuller USA,2095
TribolaTech Inc,2096
GALACTIC,2097
Harris,2098
Spirit Halloween,2099
Clinpharma Consulting Global Group LLC,2100
Lessonly,2101
RITE AID,2102
REDiTECH,2103
KUIU,2104
TBC Hotels,2105
Premier Research,2106
Old Mill Brick,2107
California Correctional Health Care Services,2108
Network Building + Consulting,2109
"Computer Enterprises, Inc.",2110
"Webgility, Inc.",2111
R&R Recruiting Resources,2112
Securonix,2113
STAMPEDE,2114
American Insurance Marketing Solutions,2115
Environmental Consultants (ECI),2116
BigID,2117
Satellite,2118
Trust for America's Health,2119
Box Butte General Hospital,2120
"Regulatory Professionals, A Division of Premier Research",2121
"Proxima Clinical Research, Inc.",2122
"Curtis Instruments, Inc.",2123
Ollie,2124
High Country Search Group,2125
Lacuna Technologies,2126
Quest for Justice,2127
Baxter International Inc.,2128
GameChanger,2129
"S & B Engineers and Constructors, Ltd.",2130
Greylock,2131
Planet Technology,2132
Russell Tobin,2133
Ria Money Transfer,2134
CollisionRight,2135
Codesmith,2136
STERLING5 Partners,2137
Prime Therapeutics,2138
"xFusion Technologies, Inc.",2139
LaSalle Network,2140
Encompass Health,2141
KLA,2142
Infojini Inc,2143
Entech,2144
Hyundai Mobis North America,2145
WPS Health Solutions,2146
WALTLabs.io,2147
Maximus,2148
involve.ai,2149
Infogain,2150
Truveta,2151
"Enigma Technologies, Inc.",2152
Athletic Greens,2153
Samsung Electronics,2154
smartFAB,2155
Wipro Technologies,2156
BYJU'S,2157
Orange Services,2158
Oda Studio,2159
Mercedes-Benz Research and Development India,2160
"Liberty Lending, LLC",2161
Techtronic Industries - TTI,2162
Dictionary.com,2163
Camgian,2164
Octo,2165
Databricks,2166
Ninja Delivery,2167
United States Department of Defense,2168
Instabase,2169
Treasury4,2170
Bowery Valuation,2171
CliniComp,2172
Club Wealth®,2173
theom,2174
MicroStrategy,2175
TetraScience,2176
Fortanix,2177
Energetic Insurance,2178
FARFETCH,2179
FedEx Services,2180
"CareDx, Inc.",2181
Tapestry,2182
"Cercacor Laboratories, Inc.",2183
Dow,2184
FedEx,2185
KPMG New Zealand,2186
Synergis IT + Creative,2187
Quantum World Technologies Inc,2188
EdgeLink,2189
Identity Automation,2190
Carbon Health,2191
iVoyant,2192
Sayva Solutions,2193
KAR Global,2194
CRS Group,2195
Edison Energy,2196
Kaseya,2197
Accenture Federal Services,2198
Bioclinica,2199
CarGurus,2200
Hunter Engineering Company,2201
Genentech,2202
Ascenium Inc,2203
onsemi,2204
Citizens,2205
ForceMetrics,2206
Pfizer,2207
Smith Hanley Associates,2208
Agility Partners,2209
"Isomark, LLC",2210
BETSOL,2211
Riverside Research,2212
TenXdev,2213
InterWorks,2214
PenguinData Workforce Management Inc.,2215
UKG (Ultimate Kronos Group),2216
Cannon Search,2217
Paro.io,2218
Surfside,2219
Suite Studios,2220
"SuperDraft, Inc.",2221
WhatsApp,2222
Astreya,2223
NBCUniversal,2224
AdTheorent,2225
Children's Hospital Los Angeles (CHLA),2226
Levi Strauss & Co.,2227
CHOC Children's,2228
"Medable, Inc",2229
Servsys Corporation,2230
Health IQ,2231
lululemon,2232
Innovative Systems Group,2233
Gotion Inc.,2234
Signify,2235
Meijer,2236
nChoose2,2237
Nelnet,2238
Perr&Knight,2239
AVEVA,2240
Loka Capital,2241
Wiley,2242
Abacus Technology Corporation,2243
"SalesRabbit, Inc.",2244
Amerit Consulting,2245
Capgemini Engineering,2246
"Centurion Consulting Group, LLC",2247
Tyler Technologies,2248
Mercari US,2249
ICON plc,2250
Verizon Media,2251
Zynga,2252
Rangam Consultants Inc.,2253
Pacific Biosciences,2254
Wimmer Solutions,2255
Peterson Cat,2256
Tranzeal Incorporated,2257
Allied World,2258
LovelySkin,2259
Mercedes-Benz Financial Services USA LLC,2260
Ivanti,2261
"Spark Therapeutics, Inc.",2262
AppZen,2263
Credit Karma,2264
Midcontinent Independent System Operator (MISO),2265
UICGS / Bowhead Family of Companies,2266
"Intellisense Systems, Inc.",2267
Alto,2268
ALOIS Staffing,2269
"AllTech Systems, Inc.",2270
MeetKai Inc.,2271
Soothsayer Analytics,2272
Instrumental Inc.,2273
Intellimize,2274
RapidSOS,2275
Lextegrity,2276
Lineup.ai,2277
advanced.farm,2278
Flagship Pioneering,2279
AKIRA/shopAKIRA.com,2280
Fathom,2281
TruEra,2282
Stytch,2283
Tagg,2284
Rad AI,2285
TRIAD Engineering Corp,2286
PRINCIPAL LIFE INSURANCE,2287
MZ Development,2288
"Nemo IT Solutions, Inc",2289
Cambly Inc.,2290
Paychex,2291
"Nokomis, Inc.",2292
Infotrend Inc,2293
TransLoc,2294
LogicMonitor,2295
SentiLink,2296
Pocket Gems,2297
GE Healthcare,2298
Publicis Media,2299
Yumi,2300
DraftKings Inc.,2301
Salt,2302
XSELL Technologies,2303
IntraEdge,2304
PALNAR,2305
Unit21,2306
Maze,2307
iptiQ by Swiss Re,2308
Pave,2309
Wilmington Trust,2310
Pure Storage,2311
Dorilton,2312
Groupon,2313
HG Insights,2314
Certara,2315
Optiver,2316
TradeStation,2317
HIRECLOUT,2318
"U-Haul International, Inc",2319
CHS Inc.,2320
Backcountry,2321
Phoenix Children's Hospital,2322
Alphanumeric Systems,2323
Kimberly-Clark,2324
Eppendorf Group,2325
Demandbase,2326
Biogen,2327
Cushman & Wakefield,2328
CGI,2329
Jellysmack,2330
AbbVie,2331
SoFi Stadium and Hollywood Park,2332
Pinterest,2333
TransUnion,2334
"Plume Design, Inc",2335
Serve Automation,2336
Nepris Inc.,2337
ID.me,2338
InComm Payments,2339
Ciena,2340
Everstream Analytics,2341
Arzeda,2342
Sliceup,2343
Morpheus Space,2344
Innowatts,2345
DiDi,2346
New Resources Consulting,2347
Ntrepid LLC,2348
Common Sense Machines,2349
Medallion,2350
Victorious,2351
Bank of the West,2352
Blockworks,2353
SingleStore,2354
Lemonade,2355
Radancy,2356
RE2 Robotics,2357
Partner Software,2358
"nou Systems, Inc.",2359
MemSQL,2360
Wrapmate,2361
Disability Solutions,2362
evo,2363
"VARIOSCALE, INC.",2364
MIM Software Inc.,2365
WorkRamp,2366
Doron Precision Systems Inc.,2367
KoinosGroup,2368
MainStreet,2369
Analytica,2370
Iris Software Inc.,2371
Lawrence Livermore National Laboratory,2372
"Audacy, Inc.",2373
Favor Delivery,2374
"Caesars Entertainment, Inc.",2375
SparkPost,2376
GoFormz,2377
CirrusLabs,2378
"TechnoSmarts, Inc.",2379
DNV,2380
Nomura,2381
SFOX,2382
InfoObjects Inc.,2383
Zealogics Inc,2384
Careem,2385
SureCo,2386
UBS,2387
Rhino,2388
II-VI Incorporated,2389
"Integration Innovation, Inc.",2390
Pandora,2391
Koch Industries,2392
Bhivestama,2393
Sanmina,2394
Coyote Bioscience,2395
umlaut company,2396
Parsable,2397
LendingClub,2398
Skillz Inc.,2399
Bird,2400
Broad Institute of MIT and Harvard,2401
Idaho National Laboratory,2402
Siemens Healthineers,2403
Anheuser-Busch,2404
Lumen Technologies,2405
quadric.io,2406
Align Technology,2407
Blueciate,2408
Slalom Build,2409
Foundation Medicine,2410
SignalPET®,2411
Tech Mahindra,2412
"A-TEK, Inc.",2413
Uplight,2414
Windfall,2415
OctoML,2416
SoleSavy,2417
Orchard,2418
SeatGeek,2419
"Shutterfly, Inc.",2420
Netsmart,2421
Correct Craft,2422
SimpliSafe,2423
Kroll,2424
Molecule,2425
Proto AI,2426
Ookla,2427
Redapt Inc,2428
IT KeySource,2429
Dau International,2430
Afterpay,2431
Walnut,2432
soona,2433
Procter & Gamble,2434
Droice Labs,2435
Gordian,2436
Mada,2437
361 Services,2438
Element,2439
Pushnami,2440
"Reciprocity, Inc",2441
"Graylog, Inc.",2442
Signal Advisors,2443
ResMed,2444
ADTRAN,2445
Clark Construction Group,2446
Tennessee Valley Authority,2447
OneLogin,2448
Comtech Telecommunications Corp.,2449
Navistar Inc,2450
Lattice Semiconductor,2451
BLOCKTRACE,2452
Purple,2453
"TrueCar, Inc.",2454
National Grid,2455
"DEMS,LLC",2456
Celerion,2457
UPS,2458
SoftHQ Inc,2459
DIRECTV,2460
Tencent,2461
Advance Auto Parts,2462
Nexteer Automotive,2463
Sysco,2464
TDA Creative,2465
Ippon Technologies USA,2466
SGI,2467
1010data,2468
"Albin Engineering Services, Inc.",2469
benefitbay™,2470
Gracenote,2471
"Medisolv, Inc.",2472
Roku Inc.,2473
ClickHouse,2474
Blockfills,2475
EdgeIQ,2476
Priceline,2477
"Career Developers, Inc.",2478
TEKWISSEN ®,2479
Appgate,2480
WeVision LLC,2481
Source Technology,2482
Plant Talent Inc.,2483
Juniper Behavioral Health,2484
Extendime Software Solutions Inc,2485
Quansight,2486
CSI Interfusion,2487
NI (National Instruments),2488
E-Solutions,2489
"ASR Analytics, LLC",2490
DVG Tech Solutions LLC,2491
SimpleNexus,2492
Euclid Innovations,2493
KORE1,2494
"Weston Solutions, Inc.",2495
"Metasys Technologies, Inc.",2496
Staffing Technologies,2497
CardWorks,2498
WellFirst Health,2499
Roofstock,2500
Macro Solutions,2501
"Personalis, Inc.",2502
Siemens Digital Industries Software,2503
Integration International Inc.,2504
US Tech Solutions,2505
USA Swimming,2506
Doran Jones Inc.,2507
RStudio PBC,2508
X BY 2,2509
"Byte Link Systems, Inc.",2510
WRAP,2511
Kane Partners LLC,2512
Epirus,2513
Ginger,2514
Delbi Promotions,2515
MRP,2516
Deep Analytics LLC,2517
Navigate360,2518
Dstillery,2519
Autonomous Healthcare,2520
AssemblyAI,2521
Netflix,2522
Persona,2523
Clubhouse,2524
Wing,2525
Weaveworks,2526
Zumba,2527
Resilience,2528
Point Card,2529
High5,2530
GetWellNetwork,2531
dentsu international,2532
Realtor,2533
"AppCard, Inc.",2534
Lucid,2535
Valassis Marketing Solutions,2536
American Robotics,2537
Harvey Nash USA,2538
Hangar,2539
TruckLabs,2540
Scale Media,2541
Apexon,2542
Spot On Talent,2543
Swiss Re,2544
FreshDirect,2545
Zubale,2546
FORTUNE 5000 INC.,2547
KBS Solutions,2548
Alio,2549
"Coalition, Inc.",2550
PeoplActive,2551
Quil,2552
TMRW Life Sciences,2553
Everbridge,2554
"Karsun Solutions, LLC",2555
Cheetah Digital,2556
Barracuda,2557
AbsenceSoft,2558
TEEMA,2559
Motorola Mobility (a Lenovo Company),2560
Trek Bicycle,2561
Carvana,2562
SAIC,2563
"Generate Biomedicines, Inc.",2564
ON24,2565
Automation Anywhere,2566
TeleTracking,2567
Semcon,2568
Mobinity Global,2569
Skyrocket Ventures,2570
Woodruff Sawyer,2571
NRC Health,2572
Eworld Solutions,2573
AvistaTech,2574
Markerr,2575
Snap Finance,2576
BorrowWorks,2577
NewslyMeApp,2578
Two Sigma,2579
Cummins Bridgeway,2580
Kohl's,2581
Bio-Rad Laboratories,2582
Gridware,2583
Capital Group,2584
Instapage,2585
KTeam,2586
Comcast,2587
Sugar VR,2588
Gopuff,2589
Dolby Laboratories,2590
"ZaiNar, Inc.",2591
TRCA,2592
Tyk,2593
Shamrock Trading Corporation,2594
LexisNexis Risk Solutions Group,2595
CognitiveScale,2596
Pull Skill Technologies Inc.,2597
Sophus IT Solutions,2598
Prove,2599
True Footage,2600
Mage,2601
Storm4,2602
Dyno Therapeutics,2603
recruitAbility,2604
EngTal - Engineering Talent,2605
Kinetic Vision,2606
Analytic Partners,2607
Rabear,2608
"CSAA Insurance Group, a AAA Insurer",2609
AcreValue by Ag-Analytics,2610
Substack,2611
Artisight,2612
Brio Systems,2613
Set Labs,2614
mabl,2615
Sparklight,2616
"Delsys, Inc",2617
ACHeck21,2618
J.P. Morgan Asset Management,2619
Stratasan,2620
"Craxel, Inc.",2621
"FutureDial, Incorporated",2622
Kareo,2623
OSOM Products Inc.,2624
LogMeIn,2625
"Frontdoor, Inc.",2626
AMISEQ,2627
Infinity Consulting Solutions,2628
EmployBridge,2629
Cordia Resources,2630
VBeyond Corporation,2631
Sky Solutions,2632
Flowspace,2633
